"filename","_col1"
"20230812_21_408.zip-381276H0.805","653"
"20230814_19_408.zip-381472H0.804","6663"
"20230813_11_408.zip-381351H0.804","474"
"20230816_10_408.zip-381692H0.814","843"
"20230815_14_408.zip-381578H0.814","989"
"20230815_03_408.zip-381584H0.805","320"
"20230813_19_408.zip-381330H0.815","4528"
"20230817_10_408.zip-381773H0.811","505"
"20230816_12_408.zip-381600H0.804","772"
"20230817_11_408.zip-381735H0.816","3579"
"20230816_20_408.zip-381606H0.804","864"
"20230812_10_408.zip-381223H0.815","1330"
"20230814_19_408.zip-381426H0.812","204"
"20230816_13_408.zip-381658H0.807","1242"
"20230815_18_408.zip-381562H0.811","1504"
"20230812_21_408.zip-381227H0.815","438"
"20230818_07_408.zip-381876H0.801","4774"
"20230816_07_408.zip-381694H0.804","1551"
"20230817_11_408.zip-381719H0.804","1962"
"20230819_21_408.zip-381939H0.804","12"
"20230819_13_408.zip-381968H0.812","37"
"20230819_16_408.zip-381999H0.802","152"
"20230821_15_408.zip-382178H0.812","18"
"20230821_07_408.zip-382125H0.805","18"
"20230821_13_408.zip-382192H0.813","12"
"20230820_10_408.zip-382018H0.811","44"
"20230822_12_408.zip-382252H0.809","12"
"20230822_19_408.zip-382242H0.805","17"
"20230821_19_408.zip-382180H0.812","18"
"20230823_14_408.zip-382309H0.815","6"
"20230810_06_408.zip-381080H0.807","1639"
"20230822_06_408.zip-382297H0.815","9"
"20230810_06_408.zip-381019H0.804","4440"
"20230822_21_408.zip-382213H0.813","12"
"20230824_08_408.zip-382447H0.807","30"
"20230810_19_408.zip-381090H0.815","1881"
"20230823_14_408.zip-382325H0.807","38"
"20230810_23_408.zip-381095H0.815","910"
"20230817_20_408.zip-381775H0.801","1340"
"20230815_06_408.zip-381569H0.814","1440"
"20230817_04_408.zip-381795H0.809","1153"
"20230817_09_408.zip-381762H0.807","5923"
"20230812_09_408.zip-381296H0.812","2637"
"20230815_14_408.zip-381531H0.812","5207"
"20230814_12_408.zip-381420H0.812","1382"
"20230813_14_408.zip-381344H0.813","815"
"20230814_10_408.zip-381423H0.807","595"
"20230820_12_408.zip-382022H0.811","42"
"20230813_15_408.zip-381314H0.807","1348"
"20230820_04_408.zip-382000H0.802","151"
"20230818_19_408.zip-381806H0.814","99"
"20230812_21_408.zip-381299H0.812","1452"
"20230820_11_408.zip-382041H0.804","12"
"20230818_15_408.zip-381800H0.805","96"
"20230818_19_408.zip-381895H0.811","102"
"20230815_12_408.zip-381576H0.814","835"
"20230819_20_408.zip-381977H0.815","23"
"20230817_01_408.zip-381677H0.808","263"
"20230821_06_408.zip-382184H0.813","12"
"20230811_07_408.zip-381194H0.807","492"
"20230819_12_408.zip-381919H0.814","12"
"20230823_14_408.zip-382311H0.808","7"
"20230811_12_408.zip-381190H0.812","1801"
"20230821_20_408.zip-382142H0.811","39"
"20230810_21_408.zip-381092H0.815","759"
"20230820_20_408.zip-382081H0.813","13"
"20230811_02_408.zip-381059H0.809","5055"
"20230811_12_408.zip-381123H0.811","575"
"20230810_13_408.zip-381079H0.812","439"
"20230810_11_408.zip-381059H0.805","1617"
"20230823_22_408.zip-382338H0.807","38"
"20230814_08_408.zip-381437H0.801","892"
"20230815_07_408.zip-381549H0.801","317"
"20230817_07_408.zip-381769H0.811","888"
"20230812_20_408.zip-381275H0.805","555"
"20230815_21_408.zip-381551H0.815","738"
"20230812_06_408.zip-381234H0.811","5431"
"20230817_07_408.zip-381797H0.809","1001"
"20230816_13_408.zip-381689H0.809","4032"
"20230816_06_408.zip-381651H0.807","2144"
"20230815_15_408.zip-381560H0.811","1250"
"20230816_01_408.zip-381560H0.801","1202"
"20230820_11_408.zip-382076H0.813","14"
"20230817_05_408.zip-381766H0.801","1420"
"20230819_21_408.zip-381938H0.804","12"
"20230814_18_408.zip-381485H0.809","1091"
"20230819_10_408.zip-381902H0.811","44"
"20230812_15_408.zip-381250H0.814","1007"
"20230818_02_408.zip-381793H0.805","5427"
"20230812_16_408.zip-381235H0.813","887"
"20230818_17_408.zip-381872H0.807","60"
"20230816_23_408.zip-381613H0.804","418"
"20230812_16_408.zip-381210H0.806","2806"
"20230819_22_408.zip-381913H0.811","44"
"20230820_01_408.zip-381920H0.814","12"
"20230811_06_408.zip-381117H0.811","1371"
"20230822_22_408.zip-382249H0.811","39"
"20230822_08_408.zip-382206H0.813","12"
"20230822_04_408.zip-382242H0.809","12"
"20230823_05_408.zip-382394H0.801","5"
"20230824_07_408.zip-382482H0.809","12"
"20230821_19_408.zip-382133H0.805","18"
"20230810_14_408.zip-381012H0.801","861"
"20230811_18_408.zip-381130H0.804","3717"
"20230817_19_408.zip-381764H0.813","2215"
"20230813_17_408.zip-381356H0.804","1375"
"20230814_23_408.zip-381435H0.807","771"
"20230813_22_408.zip-381360H0.804","528"
"20230817_13_408.zip-381786H0.808","1044"
"20230816_09_408.zip-381658H0.815","782"
"20230812_23_408.zip-381254H0.808","2677"
"20230816_03_408.zip-381650H0.807","662"
"20230816_19_408.zip-381696H0.814","1433"
"20230815_16_408.zip-381561H0.811","1378"
"20230812_22_408.zip-381209H0.807","1180"
"20230812_21_408.zip-381238H0.813","2470"
"20230815_13_408.zip-381554H0.801","1422"
"20230819_10_408.zip-381910H0.809","47"
"20230818_23_408.zip-381897H0.811","56"
"20230820_17_408.zip-382079H0.813","13"
"20230820_13_408.zip-382014H0.805","20"
"20230823_15_408.zip-382353H0.811","39"
"20230821_01_408.zip-382034H0.811","42"
"20230821_08_408.zip-382138H0.816","41"
"20230811_06_408.zip-381129H0.804","6609"
"20230821_12_408.zip-382130H0.805","18"
"20230811_23_408.zip-381113H0.815","234"
"20230821_17_408.zip-382144H0.804","11"
"20230823_17_408.zip-382318H0.813","10"
"20230822_08_408.zip-382250H0.814","10"
"20230821_16_408.zip-382194H0.813","12"
"20230810_15_408.zip-381054H0.809","5045"
"20230823_11_408.zip-382349H0.805","16"
"20230822_19_408.zip-382212H0.813","12"
"20230823_10_408.zip-382366H0.814","8"
"20230813_18_408.zip-381346H0.811","4511"
"20230812_13_408.zip-381204H0.807","514"
"20230816_13_408.zip-381601H0.804","694"
"20230817_07_408.zip-381779H0.808","556"
"20230814_12_408.zip-381425H0.807","770"
"20230813_18_408.zip-381380H0.809","785"
"20230814_13_408.zip-381426H0.807","661"
"20230818_14_408.zip-381805H0.809","190"
"20230818_07_408.zip-381890H0.811","104"
"20230816_06_408.zip-381687H0.814","5407"
"20230818_13_408.zip-381832H0.804","75"
"20230816_18_408.zip-381691H0.809","3328"
"20230818_15_408.zip-381896H0.802","172"
"20230824_10_408.zip-382460H0.811","38"
"20230820_09_408.zip-382010H0.805","20"
"20230819_07_408.zip-381983H0.807","49"
"20230821_06_408.zip-382190H0.815","9"
"20230822_21_408.zip-382258H0.809","12"
"20230811_17_408.zip-381127H0.811","1215"
"20230821_17_408.zip-382101H0.807","38"
"20230810_04_408.zip-381051H0.805","272"
"20230811_15_408.zip-381166H0.809","3506"
"20230822_07_408.zip-382298H0.815","8"
"20230823_19_408.zip-382353H0.805","16"
"20230818_21_408.zip-381875H0.807","60"
"20230811_04_408.zip-381116H0.811","5161"
"20230810_15_408.zip-381032H0.814","2533"
"20230812_14_408.zip-381206H0.807","1147"
"20230816_09_408.zip-381655H0.807","580"
"20230814_12_408.zip-381484H0.802","173"
"20230815_15_408.zip-381533H0.812","8"
"20230814_13_408.zip-381450H0.813","1559"
"20230814_11_408.zip-381482H0.805","1591"
"20230817_08_408.zip-381742H0.812","1981"
"20230816_13_408.zip-381694H0.814","1230"
"20230817_12_408.zip-381785H0.808","758"
"20230815_15_408.zip-381534H0.812","286"
"20230814_17_408.zip-381441H0.815","1587"
"20230816_19_408.zip-381639H0.812","1337"
"20230813_10_408.zip-381339H0.813","5539"
"20230818_08_408.zip-381897H0.805","103"
"20230815_03_408.zip-381580H0.804","762"
"20230819_11_408.zip-381966H0.812","111"
"20230820_11_408.zip-382012H0.809","17"
"20230820_22_408.zip-382030H0.811","42"
"20230815_10_408.zip-381543H0.807","1180"
"20230823_03_408.zip-382365H0.809","12"
"20230821_19_408.zip-382145H0.804","10"
"20230823_19_408.zip-382375H0.809","12"
"20230821_10_408.zip-382138H0.811","39"
"20230822_17_408.zip-382248H0.804","10"
"20230822_06_408.zip-382243H0.811","39"
"20230822_20_408.zip-382256H0.814","9"
"20230821_22_408.zip-382100H0.813","12"
"20230823_11_408.zip-382318H0.807","38"
"20230822_07_408.zip-382245H0.809","12"
"20230811_13_408.zip-381118H0.801","946"
"20230823_03_408.zip-382364H0.809","12"
"20230811_23_408.zip-381111H0.815","189"
"20230824_11_408.zip-382472H0.814","8"
"20230811_14_408.zip-381127H0.813","1002"
"20230823_22_408.zip-382356H0.805","16"
"20230810_22_408.zip-381028H0.804","713"
"20230817_10_408.zip-381783H0.808","862"
"20230815_06_408.zip-381586H0.809","1121"
"20230816_10_408.zip-381627H0.816","860"
"20230816_09_408.zip-381696H0.804","888"
"20230817_08_408.zip-381715H0.804","5748"
"20230817_06_408.zip-381734H0.816","1692"
"20230816_04_408.zip-381693H0.804","7969"
"20230818_06_408.zip-381853H0.812","5278"
"20230817_23_408.zip-381791H0.808","250"
"20230812_13_408.zip-381270H0.805","4141"
"20230812_08_408.zip-381253H0.808","906"
"20230817_15_408.zip-381720H0.804","3131"
"20230817_09_408.zip-381717H0.804","717"
"20230822_22_408.zip-382260H0.809","12"
"20230820_16_408.zip-382032H0.814","12"
"20230819_17_408.zip-381909H0.811","44"
"20230820_22_408.zip-382029H0.811","42"
"20230820_21_408.zip-382023H0.809","15"
"20230823_09_408.zip-382351H0.811","39"
"20230824_01_408.zip-382380H0.809","12"
"20230821_09_408.zip-382137H0.811","39"
"20230820_19_408.zip-382087H0.815","10"
"20230821_10_408.zip-382189H0.813","12"
"20230821_14_408.zip-382100H0.807","38"
"20230820_20_408.zip-382019H0.805","20"
"20230819_18_408.zip-381908H0.805","20"
"20230823_10_408.zip-382348H0.805","16"
"20230822_10_408.zip-382202H0.815","8"
"20230811_17_408.zip-381128H0.813","3001"
"20230810_12_408.zip-381077H0.812","1546"
"20230811_02_408.zip-381047H0.808","345"
"20230814_01_408.zip-381364H0.804","972"
"20230813_16_408.zip-381315H0.807","1109"
"20230814_11_408.zip-381483H0.802","306"
"20230816_10_408.zip-381628H0.816","865"
"20230815_16_408.zip-381579H0.814","1899"
"20230814_12_408.zip-381438H0.801","2686"
"20230813_23_408.zip-381350H0.811","1066"
"20230815_07_408.zip-381539H0.807","2846"
"20230814_06_408.zip-381414H0.812","3792"
"20230813_23_408.zip-381312H0.812","1284"
"20230814_21_408.zip-381428H0.812","1857"
"20230817_08_408.zip-381716H0.804","708"
"20230816_15_408.zip-381630H0.816","3622"
"20230815_12_408.zip-381525H0.816","6078"
"20230813_13_408.zip-381343H0.813","1286"
"20230812_12_408.zip-381240H0.811","1917"
"20230815_12_408.zip-381587H0.804","1548"
"20230815_17_408.zip-381546H0.807","2757"
"20230817_14_408.zip-381746H0.812","1085"
"20230820_15_408.zip-382018H0.809","15"
"20230819_23_408.zip-381916H0.811","44"
"20230815_08_408.zip-381526H0.818","138"
"20230812_13_408.zip-381223H0.801","1199"
"20230819_09_408.zip-381909H0.809","49"
"20230819_15_408.zip-381900H0.808","9"
"20230821_07_408.zip-382128H0.809","15"
"20230819_12_408.zip-381972H0.813","15"
"20230821_07_408.zip-382176H0.812","18"
"20230817_15_408.zip-381771H0.801","1573"
"20230821_16_408.zip-382107H0.802","66"
"20230822_14_408.zip-382253H0.809","12"
"20230820_16_408.zip-382023H0.811","42"
"20230822_23_408.zip-382259H0.814","9"
"20230823_16_408.zip-382312H0.808","7"
"20230822_16_408.zip-382210H0.807","38"
"20230821_23_408.zip-382135H0.805","18"
"20230823_20_408.zip-382356H0.811","38"
"20230823_12_408.zip-382319H0.807","38"
"20230822_17_408.zip-382241H0.805","17"
"20230811_10_408.zip-381176H0.802","84"
"20230824_06_408.zip-382458H0.811","38"
"20230810_19_408.zip-381088H0.807","1823"
"20230811_21_408.zip-381143H0.814","5374"
"20230824_10_408.zip-382415H0.815","4"
"20230824_01_408.zip-382359H0.805","16"
"20230823_21_408.zip-382355H0.805","16"
"20230823_23_408.zip-382340H0.807","38"
"20230819_18_408.zip-381990H0.807","45"
"20230824_08_408.zip-382463H0.805","16"
"20230810_23_408.zip-381086H0.812","459"
"20230810_04_408.zip-381052H0.805","54"
"20230814_19_408.zip-381473H0.804","274"
"20230817_09_408.zip-381700H0.809","736"
"20230813_06_408.zip-381344H0.811","6917"
"20230812_13_408.zip-381233H0.813","1601"
"20230814_19_408.zip-381454H0.813","2128"
"20230815_07_408.zip-381548H0.801","523"
"20230814_07_408.zip-381416H0.812","492"
"20230813_03_408.zip-381375H0.809","1132"
"20230813_18_408.zip-381381H0.809","1592"
"20230815_12_408.zip-381545H0.807","163"
"20230814_22_408.zip-381429H0.812","570"
"20230813_14_408.zip-381305H0.812","245"
"20230817_18_408.zip-381722H0.804","1643"
"20230815_10_408.zip-381586H0.804","1202"
"20230812_11_408.zip-381232H0.813","1725"
"20230814_20_408.zip-381427H0.812","386"
"20230813_19_408.zip-381357H0.804","2049"
"20230814_18_408.zip-381455H0.811","2826"
"20230815_06_408.zip-381556H0.811","4184"
"20230815_19_408.zip-381556H0.801","1544"
"20230815_21_408.zip-381582H0.814","843"
"20230821_03_408.zip-382123H0.805","19"
"20230821_13_408.zip-382129H0.806","101"
"20230820_23_408.zip-382031H0.811","42"
"20230822_17_408.zip-382255H0.809","12"
"20230820_22_408.zip-382038H0.814","12"
"20230822_20_408.zip-382257H0.809","12"
"20230823_08_408.zip-382370H0.809","12"
"20230822_02_408.zip-382196H0.815","9"
"20230824_06_408.zip-382490H0.812","15"
"20230823_01_408.zip-382263H0.809","12"
"20230823_10_408.zip-382371H0.809","12"
"20230823_07_408.zip-382362H0.814","8"
"20230810_13_408.zip-381080H0.812","324"
"20230822_10_408.zip-382282H0.812","18"
"20230823_21_408.zip-382335H0.807","38"
"20230811_22_408.zip-381132H0.811","537"
"20230823_14_408.zip-382327H0.807","38"
"20230815_06_408.zip-381558H0.813","1387"
"20230814_09_408.zip-381461H0.814","655"
"20230816_19_408.zip-381671H0.808","1973"
"20230812_08_408.zip-381234H0.804","1558"
"20230813_11_408.zip-381341H0.813","270"
"20230816_08_408.zip-381689H0.805","285"
"20230813_20_408.zip-381336H0.801","195"
"20230818_02_408.zip-381704H0.809","7431"
"20230816_08_408.zip-381695H0.804","1591"
"20230812_14_408.zip-381240H0.804","1155"
"20230812_08_408.zip-381222H0.815","658"
"20230817_13_408.zip-381745H0.812","1100"
"20230816_07_408.zip-381652H0.807","769"
"20230814_16_408.zip-381452H0.813","2030"
"20230816_22_408.zip-381608H0.804","712"
"20230813_03_408.zip-381380H0.802","2534"
"20230816_16_408.zip-381631H0.816","1194"
"20230812_19_408.zip-381227H0.801","1793"
"20230813_13_408.zip-381304H0.812","1379"
"20230822_03_408.zip-382241H0.809","13"
"20230816_16_408.zip-381637H0.812","3030"
"20230821_19_408.zip-382145H0.814","10"
"20230824_04_408.zip-382434H0.806","69"
"20230823_17_408.zip-382310H0.815","5"
"20230811_13_408.zip-381166H0.805","2952"
"20230810_12_408.zip-381010H0.801","2086"
"20230823_12_408.zip-382372H0.809","12"
"20230824_10_408.zip-382471H0.814","8"
"20230811_21_408.zip-381106H0.815","1535"
"20230813_12_408.zip-381356H0.808","2258"
"20230814_20_408.zip-381442H0.801","1137"
"20230814_09_408.zip-381418H0.812","537"
"20230814_06_408.zip-381435H0.815","3163"
"20230815_19_408.zip-381580H0.814","2838"
"20230816_03_408.zip-381636H0.812","1909"
"20230818_01_408.zip-381792H0.808","1103"
"20230816_17_408.zip-381638H0.812","1118"
"20230817_07_408.zip-381763H0.813","331"
"20230816_15_408.zip-381661H0.815","2969"
"20230816_20_408.zip-381672H0.808","1172"
"20230812_06_408.zip-381233H0.804","1600"
"20230816_19_408.zip-381692H0.809","1268"
"20230817_10_408.zip-381700H0.819","587"
"20230818_12_408.zip-381859H0.812","139"
"20230819_06_408.zip-381975H0.815","27"
"20230820_23_408.zip-382042H0.804","11"
"20230812_06_408.zip-381218H0.815","2116"
"20230820_20_408.zip-382022H0.809","15"
"20230819_04_408.zip-381998H0.811","56"
"20230818_14_408.zip-381871H0.807","60"
"20230820_15_408.zip-382016H0.809","15"
"20230817_18_408.zip-381764H0.807","850"
"20230819_02_408.zip-381806H0.809","73"
"20230818_22_408.zip-381896H0.811","57"
"20230820_16_408.zip-382030H0.814","12"
"20230820_23_408.zip-382033H0.811","42"
"20230821_21_408.zip-382147H0.814","10"
"20230821_11_408.zip-382102H0.817","431"
"20230810_07_408.zip-381021H0.804","437"
"20230810_12_408.zip-381025H0.804","1618"
"20230823_16_408.zip-382351H0.805","16"
"20230811_17_408.zip-381141H0.814","1464"
"20230811_13_408.zip-381124H0.811","645"
"20230811_10_408.zip-381101H0.815","997"
"20230810_11_408.zip-381099H0.803","2360"
"20230810_04_408.zip-381071H0.802","3"
"20230822_16_408.zip-382231H0.806","81"
"20230823_06_408.zip-382361H0.814","9"
"20230811_21_408.zip-381151H0.808","1370"
"20230810_13_408.zip-381084H0.807","984"
"20230824_03_408.zip-382421H0.813","10"
"20230823_15_408.zip-382328H0.807","38"
"20230823_14_408.zip-382326H0.807","38"
"20230820_19_408.zip-382018H0.805","20"
"20230818_18_408.zip-381873H0.807","60"
"20230817_23_408.zip-381782H0.811","939"
"20230815_06_408.zip-381547H0.801","2935"
"20230812_18_408.zip-381236H0.813","2406"
"20230814_10_408.zip-381453H0.811","3079"
"20230816_19_408.zip-381662H0.813","2191"
"20230813_10_408.zip-381349H0.804","6564"
"20230816_18_408.zip-381695H0.814","3978"
"20230815_10_408.zip-381573H0.814","641"
"20230812_16_408.zip-381241H0.804","2043"
"20230815_01_408.zip-381459H0.808","369"
"20230817_10_408.zip-381701H0.809","1509"
"20230813_12_408.zip-381342H0.813","984"
"20230815_22_408.zip-381592H0.804","741"
"20230813_22_408.zip-381347H0.813","331"
"20230813_15_408.zip-381334H0.801","2508"
"20230815_18_408.zip-381555H0.801","4251"
"20230815_20_408.zip-381563H0.811","1850"
"20230813_16_408.zip-381307H0.812","794"
"20230819_09_408.zip-381901H0.811","44"
"20230819_19_408.zip-381972H0.812","37"
"20230812_21_408.zip-381245H0.804","816"
"20230817_20_408.zip-381770H0.815","4699"
"20230816_19_408.zip-381605H0.804","2325"
"20230820_01_408.zip-381940H0.804","12"
"20230818_08_408.zip-381827H0.804","85"
"20230816_02_408.zip-381549H0.807","2749"
"20230819_09_408.zip-381905H0.805","46"
"20230823_22_408.zip-382357H0.811","38"
"20230819_12_408.zip-381904H0.811","44"
"20230820_15_408.zip-382002H0.802","150"
"20230822_01_408.zip-382139H0.809","13"
"20230820_15_408.zip-382024H0.814","12"
"20230820_18_408.zip-382035H0.814","12"
"20230819_09_408.zip-381986H0.807","49"
"20230822_19_408.zip-382255H0.814","9"
"20230823_16_408.zip-382354H0.811","38"
"20230822_06_408.zip-382244H0.809","12"
"20230823_01_408.zip-382260H0.814","9"
"20230820_17_408.zip-382015H0.805","20"
"20230822_18_408.zip-382211H0.807","38"
"20230822_23_408.zip-382262H0.809","12"
"20230810_15_408.zip-381033H0.814","169"
"20230824_11_408.zip-382461H0.811","38"
"20230824_02_408.zip-382320H0.813","10"
"20230810_10_408.zip-381052H0.809","517"
"20230810_19_408.zip-381058H0.809","204"
"20230810_08_408.zip-381081H0.807","1777"
"20230813_13_408.zip-381333H0.801","874"
"20230814_07_408.zip-381452H0.811","2520"
"20230814_07_408.zip-381419H0.807","1727"
"20230817_07_408.zip-381796H0.809","2814"
"20230816_21_408.zip-381607H0.804","899"
"20230817_20_408.zip-381765H0.813","2246"
"20230815_21_408.zip-381553H0.815","165"
"20230817_19_408.zip-381774H0.801","1175"
"20230813_19_408.zip-381309H0.812","970"
"20230815_13_408.zip-381577H0.814","617"
"20230815_18_408.zip-381547H0.807","1115"
"20230817_11_408.zip-381769H0.801","2030"
"20230812_14_408.zip-381249H0.814","803"
"20230816_08_408.zip-381690H0.814","438"
"20230817_12_408.zip-381776H0.811","586"
"20230815_19_408.zip-381549H0.815","2893"
"20230817_07_408.zip-381798H0.809","652"
"20230816_01_408.zip-381548H0.807","2700"
"20230815_19_408.zip-381586H0.805","1213"
"20230812_13_408.zip-381247H0.814","2440"
"20230820_13_408.zip-382014H0.809","17"
"20230820_17_408.zip-382016H0.805","20"
"20230818_11_408.zip-381868H0.807","60"
"20230819_14_408.zip-381907H0.811","44"
"20230820_13_408.zip-382081H0.815","22"
"20230821_11_408.zip-382190H0.813","12"
"20230823_10_408.zip-382352H0.811","39"
"20230823_10_408.zip-382310H0.808","7"
"20230823_13_408.zip-382312H0.802","5"
"20230813_16_408.zip-381355H0.804","1972"
"20230821_21_408.zip-382137H0.809","13"
"20230810_23_408.zip-381085H0.812","675"
"20230823_18_408.zip-382352H0.805","16"
"20230810_23_408.zip-381046H0.808","331"
"20230823_12_408.zip-382387H0.812","15"
"20230823_12_408.zip-382367H0.814","8"
"20230822_19_408.zip-382205H0.815","6"
"20230822_07_408.zip-382204H0.813","12"
"20230823_14_408.zip-382324H0.807","38"
"20230812_12_408.zip-381224H0.815","1552"
"20230824_07_408.zip-382422H0.813","10"
"20230811_21_408.zip-381170H0.809","2356"
"20230810_08_408.zip-381050H0.809","758"
"20230810_04_408.zip-381009H0.801","659"
"20230811_23_408.zip-381133H0.811","1095"
"20230811_12_408.zip-381198H0.807","1536"
"20230824_08_408.zip-382417H0.808","7"
"20230811_10_408.zip-381121H0.811","694"
"20230821_18_408.zip-382102H0.807","38"
"20230811_21_408.zip-381100H0.807","1978"
"20230816_08_408.zip-381656H0.815","5218"
"20230812_22_408.zip-381277H0.805","1853"
"20230816_12_408.zip-381660H0.815","2420"
"20230813_21_408.zip-381311H0.812","661"
"20230814_22_408.zip-381483H0.805","2264"
"20230817_17_408.zip-381780H0.811","1108"
"20230817_21_408.zip-381788H0.808","5682"
"20230812_12_408.zip-381238H0.804","591"
"20230816_14_408.zip-381690H0.809","1054"
"20230819_20_408.zip-381973H0.812","37"
"20230816_16_408.zip-381603H0.804","2031"
"20230815_15_408.zip-381532H0.812","533"
"20230817_01_408.zip-381675H0.808","3029"
"20230817_16_408.zip-381772H0.801","853"
"20230816_18_408.zip-381670H0.808","904"
"20230819_19_408.zip-381973H0.813","14"
"20230821_04_408.zip-382141H0.814","10"
"20230820_17_408.zip-382025H0.811","42"
"20230821_08_408.zip-382139H0.816","41"
"20230819_02_408.zip-381809H0.814","12"
"20230823_10_408.zip-382386H0.812","17"
"20230822_07_408.zip-382205H0.813","12"
"20230811_16_408.zip-381167H0.809","1232"
"20230811_18_408.zip-381129H0.813","1009"
"20230824_06_408.zip-382462H0.805","16"
"20230811_10_408.zip-381197H0.807","1468"
"20230810_07_408.zip-381072H0.812","402"
"20230810_10_408.zip-381082H0.815","588"
"20230814_16_408.zip-381440H0.801","181"
"20230817_08_408.zip-381781H0.808","498"
"20230812_06_408.zip-381269H0.805","889"
"20230816_06_408.zip-381664H0.808","3957"
"20230814_18_408.zip-381465H0.814","1248"
"20230816_14_408.zip-381602H0.804","1292"
"20230815_06_408.zip-381581H0.804","2430"
"20230813_01_408.zip-381248H0.804","1487"
"20230816_13_408.zip-381667H0.808","1045"
"20230817_08_408.zip-381769H0.815","917"
"20230813_23_408.zip-381358H0.814","1331"
"20230815_20_408.zip-381517H0.806","3695"
"20230814_08_408.zip-381459H0.814","4041"
"20230815_14_408.zip-381559H0.811","926"
"20230812_07_408.zip-381220H0.801","1802"
"20230818_08_408.zip-381805H0.814","99"
"20230816_23_408.zip-381611H0.804","318"
"20230819_02_408.zip-381808H0.814","14"
"20230820_15_408.zip-382017H0.809","15"
"20230822_01_408.zip-382195H0.815","9"
"20230822_19_408.zip-382246H0.811","39"
"20230823_08_408.zip-382345H0.805","16"
"20230822_01_408.zip-382136H0.805","18"
"20230811_08_408.zip-381199H0.815","459"
"20230811_15_408.zip-381177H0.802","702"
"20230822_10_408.zip-382208H0.813","12"
"20230811_09_408.zip-381119H0.811","844"
"20230822_08_408.zip-382244H0.811","39"
"20230821_17_408.zip-382195H0.813","12"
"20230810_14_408.zip-381087H0.815","1015"
"20230824_01_408.zip-382357H0.805","16"
"20230820_16_408.zip-382078H0.813","13"
"20230823_23_408.zip-382341H0.807","38"
"20230815_18_408.zip-381560H0.813","336"
"20230815_05_408.zip-381557H0.813","9601"
"20230817_11_408.zip-381743H0.812","4253"
"20230814_21_408.zip-381444H0.801","680"
"20230813_15_408.zip-381381H0.802","201"
"20230814_21_408.zip-381443H0.801","711"
"20230817_07_408.zip-381791H0.802","411"
"20230814_08_408.zip-381468H0.804","464"
"20230813_08_408.zip-381329H0.801","2662"
"20230812_22_408.zip-381247H0.804","541"
"20230818_12_408.zip-381831H0.804","85"
"20230812_16_408.zip-381225H0.815","2455"
"20230815_09_408.zip-381585H0.804","671"
"20230818_08_408.zip-381826H0.804","89"
"20230814_23_408.zip-381436H0.807","601"
"20230818_07_408.zip-381804H0.814","1068"
"20230818_18_408.zip-381896H0.808","50"
"20230818_20_408.zip-381881H0.801","41"
"20230818_08_408.zip-381867H0.807","63"
"20230819_13_408.zip-381983H0.801","31"
"20230823_05_408.zip-382311H0.802","5"
"20230819_10_408.zip-381971H0.813","17"
"20230819_12_408.zip-381967H0.812","37"
"20230818_20_408.zip-381873H0.815","42"
"20230820_09_408.zip-382079H0.815","23"
"20230821_14_408.zip-382144H0.814","10"
"20230819_14_408.zip-381969H0.812","37"
"20230820_13_408.zip-382015H0.809","17"
"20230819_08_408.zip-381998H0.808","37"
"20230822_10_408.zip-382249H0.809","12"
"20230819_03_408.zip-381910H0.814","12"
"20230820_15_408.zip-382089H0.801","25"
"20230822_01_408.zip-382140H0.809","13"
"20230823_08_408.zip-382369H0.809","12"
"20230819_07_408.zip-381984H0.807","49"
"20230821_13_408.zip-382131H0.805","18"
"20230822_10_408.zip-382248H0.809","12"
"20230819_10_408.zip-381917H0.814","12"
"20230810_04_408.zip-381078H0.815","2478"
"20230811_08_408.zip-381163H0.809","531"
"20230821_20_408.zip-382196H0.813","12"
"20230823_18_408.zip-382319H0.813","10"
"20230810_08_408.zip-381022H0.816","905"
"20230811_10_408.zip-381189H0.812","3134"
"20230821_08_408.zip-382196H0.807","38"
"20230814_08_408.zip-381460H0.814","573"
"20230814_07_408.zip-381466H0.804","613"
"20230817_06_408.zip-381741H0.812","6112"
"20230818_01_408.zip-381784H0.811","614"
"20230813_13_408.zip-381332H0.801","1491"
"20230816_23_408.zip-381612H0.804","197"
"20230816_10_408.zip-381697H0.804","627"
"20230817_02_408.zip-381667H0.815","282"
"20230816_12_408.zip-381693H0.814","1947"
"20230814_22_408.zip-381476H0.804","859"
"20230817_21_408.zip-381752H0.812","773"
"20230815_22_408.zip-381584H0.814","571"
"20230812_20_408.zip-381244H0.804","851"
"20230815_13_408.zip-381548H0.815","198"
"20230812_22_408.zip-381246H0.804","797"
"20230821_01_408.zip-382025H0.809","15"
"20230818_16_408.zip-381801H0.805","44"
"20230819_02_408.zip-381867H0.813","19"
"20230820_01_408.zip-381901H0.808","9"
"20230819_04_408.zip-381911H0.814","12"
"20230824_06_408.zip-382414H0.808","7"
"20230819_06_408.zip-381924H0.806","191"
"20230819_12_408.zip-381905H0.811","44"
"20230821_08_408.zip-382130H0.809","15"
"20230819_03_408.zip-381969H0.813","17"
"20230822_19_408.zip-382256H0.809","12"
"20230820_20_408.zip-382092H0.801","24"
"20230823_07_408.zip-382314H0.810","25"
"20230811_07_408.zip-381198H0.815","313"
"20230822_01_408.zip-382137H0.805","18"
"20230811_14_408.zip-381148H0.808","2352"
"20230810_10_408.zip-381076H0.812","657"
"20230823_16_408.zip-382330H0.807","38"
"20230822_06_408.zip-382206H0.807","38"
"20230811_20_408.zip-381131H0.804","2585"
"20230810_18_408.zip-381014H0.801","1189"
"20230811_09_408.zip-381164H0.809","700"
"20230811_19_408.zip-381149H0.808","2525"
"20230813_12_408.zip-381331H0.801","1143"
"20230816_06_408.zip-381687H0.805","5060"
"20230814_11_408.zip-381437H0.815","1384"
"20230818_03_408.zip-381895H0.802","231"
"20230812_20_408.zip-381298H0.812","950"
"20230815_21_408.zip-381555H0.815","289"
"20230817_08_408.zip-381771H0.811","771"
"20230814_08_408.zip-381449H0.813","1450"
"20230815_09_408.zip-381551H0.801","466"
"20230814_01_408.zip-381362H0.804","1087"
"20230814_06_408.zip-381480H0.805","2745"
"20230812_12_408.zip-381241H0.811","917"
"20230816_20_408.zip-381690H0.805","3089"
"20230816_21_408.zip-381674H0.808","628"
"20230816_22_408.zip-381609H0.804","628"
"20230815_22_408.zip-381588H0.802","451"
"20230817_20_408.zip-381721H0.806","4339"
"20230818_20_408.zip-381803H0.805","44"
"20230818_09_408.zip-381892H0.811","104"
"20230817_09_408.zip-381768H0.801","967"
"20230818_10_408.zip-381858H0.812","139"
"20230815_10_408.zip-381587H0.802","337"
"20230818_08_408.zip-381872H0.815","53"
"20230818_09_408.zip-381898H0.805","103"
"20230819_17_408.zip-381907H0.805","20"
"20230820_16_408.zip-382031H0.814","12"
"20230820_14_408.zip-382088H0.801","25"
"20230819_08_408.zip-381900H0.811","45"
"20230822_12_408.zip-382250H0.809","12"
"20230821_13_408.zip-382143H0.814","10"
"20230811_08_408.zip-381162H0.809","2581"
"20230823_07_408.zip-382385H0.812","17"
"20230811_09_408.zip-381125H0.813","1891"
"20230810_21_408.zip-381090H0.807","835"
"20230811_06_408.zip-381196H0.815","4991"
"20230822_23_408.zip-382215H0.813","12"
"20230811_12_408.zip-381102H0.815","1855"
"20230811_13_408.zip-381139H0.814","1078"
"20230823_22_408.zip-382339H0.807","38"
"20230822_08_408.zip-382200H0.815","8"
"20230823_14_408.zip-382322H0.807","38"
"20230812_15_408.zip-381234H0.813","844"
"20230813_11_408.zip-381350H0.804","652"
"20230812_15_408.zip-381279H0.802","155"
"20230814_22_408.zip-381433H0.807","551"
"20230812_11_408.zip-381237H0.804","1467"
"20230816_17_408.zip-381669H0.808","3009"
"20230819_16_408.zip-381985H0.801","25"
"20230816_08_408.zip-381654H0.807","661"
"20230814_23_408.zip-381467H0.814","3923"
"20230819_23_408.zip-381915H0.811","44"
"20230818_21_408.zip-381863H0.812","110"
"20230820_16_408.zip-382086H0.815","10"
"20230822_05_408.zip-382247H0.804","10"
"20230815_23_408.zip-381559H0.801","1061"
"20230817_02_408.zip-381693H0.809","6086"
"20230818_20_408.zip-381823H0.806","212"
"20230820_16_408.zip-382028H0.814","12"
"20230821_10_408.zip-382142H0.814","10"
"20230819_06_408.zip-381982H0.807","49"
"20230821_07_408.zip-382126H0.805","18"
"20230820_16_408.zip-382024H0.811","42"
"20230821_12_408.zip-382105H0.808","8"
"20230811_10_408.zip-381120H0.811","538"
"20230811_23_408.zip-381171H0.809","3441"
"20230822_09_408.zip-382201H0.815","8"
"20230812_20_408.zip-381274H0.805","531"
"20230822_09_408.zip-382238H0.805","17"
"20230810_13_408.zip-381086H0.815","590"
"20230810_12_408.zip-381078H0.812","572"
"20230821_21_408.zip-382197H0.813","12"
"20230811_16_408.zip-381126H0.811","1927"
"20230811_20_408.zip-381129H0.811","812"
"20230824_10_408.zip-382449H0.807","30"
"20230810_07_408.zip-381079H0.815","1192"
"20230822_20_408.zip-382212H0.807","38"
"20230811_19_408.zip-381128H0.811","1929"
"20230810_04_408.zip-381079H0.807","1208"
"20230814_01_408.zip-381357H0.808","532"
"20230816_08_408.zip-381618H0.806","3355"
"20230817_22_408.zip-381781H0.811","3277"
"20230814_11_408.zip-381424H0.807","1523"
"20230815_01_408.zip-381444H0.815","2266"
"20230814_19_408.zip-381424H0.812","182"
"20230812_11_408.zip-381221H0.801","1471"
"20230813_11_408.zip-381330H0.801","2157"
"20230812_20_408.zip-381228H0.801","1156"
"20230813_13_408.zip-381345H0.811","3810"
"20230818_01_408.zip-381785H0.811","739"
"20230817_17_408.zip-381747H0.812","1651"
"20230814_14_408.zip-381427H0.807","1129"
"20230819_15_408.zip-381984H0.801","29"
"20230815_18_408.zip-381563H0.808","2702"
"20230815_11_408.zip-381574H0.814","687"
"20230820_11_408.zip-382020H0.811","43"
"20230821_03_408.zip-382126H0.809","15"
"20230819_18_408.zip-381971H0.812","37"
"20230820_17_408.zip-382075H0.812","18"
"20230823_19_408.zip-382355H0.811","38"
"20230821_18_408.zip-382179H0.812","18"
"20230821_07_408.zip-382129H0.809","15"
"20230822_20_408.zip-382249H0.804","10"
"20230821_09_408.zip-382128H0.805","18"
"20230823_22_408.zip-382377H0.809","12"
"20230822_08_408.zip-382212H0.810","7849"
"20230819_03_408.zip-381979H0.807","49"
"20230822_08_408.zip-382251H0.814","10"
"20230811_22_408.zip-381130H0.813","2436"
"20230823_09_408.zip-382317H0.813","12"
"20230811_23_408.zip-381131H0.813","526"
"20230822_06_408.zip-382203H0.813","12"
"20230811_12_408.zip-381138H0.814","823"
"20230821_22_408.zip-382105H0.807","38"
"20230810_21_408.zip-381083H0.812","1281"
"20230810_05_408.zip-381054H0.805","281"
"20230810_18_408.zip-381056H0.809","2954"
"20230824_06_408.zip-382444H0.807","36"
"20230815_22_408.zip-381558H0.801","853"
"20230814_19_408.zip-381441H0.801","3363"
"20230814_10_408.zip-381482H0.809","4930"
"20230814_19_408.zip-381425H0.812","540"
"20230814_12_408.zip-381471H0.804","2100"
"20230818_07_408.zip-381854H0.812","146"
"20230816_15_408.zip-381689H0.802","802"
"20230816_11_408.zip-381665H0.808","2510"
"20230817_08_408.zip-381720H0.806","3384"
"20230813_21_408.zip-381331H0.815","1762"
"20230818_04_408.zip-381895H0.805","147"
"20230817_07_408.zip-381780H0.808","367"
"20230812_08_408.zip-381237H0.811","493"
"20230816_07_408.zip-381653H0.807","499"
"20230814_08_408.zip-381448H0.813","1124"
"20230817_12_408.zip-381770H0.801","1105"
"20230816_19_408.zip-381659H0.807","4674"
"20230817_18_408.zip-381748H0.812","898"
"20230816_23_408.zip-381610H0.804","758"
"20230813_22_408.zip-381349H0.811","835"
"20230819_16_408.zip-381937H0.804","18"
"20230818_23_408.zip-381877H0.807","60"
"20230818_22_408.zip-381864H0.812","110"
"20230814_10_408.zip-381422H0.807","648"
"20230814_22_408.zip-381445H0.801","280"
"20230817_10_408.zip-381774H0.811","829"
"20230820_08_408.zip-382021H0.814","12"
"20230820_22_408.zip-382028H0.811","42"
"20230820_13_408.zip-382087H0.801","25"
"20230820_16_408.zip-382019H0.809","15"
"20230820_15_408.zip-382084H0.815","14"
"20230810_16_408.zip-381034H0.814","149"
"20230811_19_408.zip-381193H0.812","1366"
"20230823_15_408.zip-382388H0.812","15"
"20230812_01_408.zip-381172H0.809","1086"
"20230810_10_408.zip-381031H0.814","76"
"20230812_01_408.zip-381115H0.815","634"
"20230812_09_408.zip-381235H0.804","887"
"20230810_19_408.zip-381026H0.804","6392"
"20230812_02_408.zip-381116H0.815","3704"
"20230812_01_408.zip-381145H0.814","1216"
"20230823_08_408.zip-382316H0.813","12"
"20230823_07_408.zip-382314H0.807","38"
"20230810_21_408.zip-381005H0.806","5497"
"20230811_11_408.zip-381137H0.814","1776"
"20230824_04_408.zip-382411H0.815","5"
"20230824_01_408.zip-382343H0.807","38"
"20230823_10_408.zip-382317H0.807","38"
"20230810_09_408.zip-381057H0.805","642"
"20230812_17_408.zip-381225H0.801","1403"
"20230812_23_408.zip-381228H0.815","166"
"20230815_15_408.zip-381535H0.812","295"
"20230816_21_408.zip-381697H0.814","1338"
"20230814_04_408.zip-381418H0.807","8559"
"20230817_20_408.zip-381723H0.804","1768"
"20230813_18_408.zip-381354H0.814","7083"
"20230817_12_408.zip-381702H0.809","1848"
"20230813_23_408.zip-381382H0.802","1227"
"20230813_04_408.zip-381300H0.812","2952"
"20230816_21_408.zip-381673H0.808","772"
"20230816_07_408.zip-381661H0.813","4793"
"20230820_12_408.zip-382021H0.811","42"
"20230816_05_408.zip-381664H0.811","12608"
"20230815_18_408.zip-381589H0.804","4058"
"20230815_08_408.zip-381516H0.806","3952"
"20230824_08_408.zip-382416H0.808","7"
"20230821_19_408.zip-382135H0.809","13"
"20230824_01_408.zip-382313H0.802","5"
"20230820_19_408.zip-382036H0.814","12"
"20230810_04_408.zip-381053H0.805","46"
"20230824_06_408.zip-382415H0.808","7"
"20230824_07_408.zip-382497H0.801","5"
"20230823_02_408.zip-382243H0.805","17"
"20230822_12_408.zip-382254H0.814","9"
"20230811_01_408.zip-381087H0.812","1344"
"20230822_11_408.zip-382208H0.807","38"
"20230811_08_408.zip-381118H0.811","1551"
"20230822_21_408.zip-382258H0.814","9"
"20230810_12_408.zip-381072H0.802","22"
"20230811_10_408.zip-381116H0.801","145"
"20230822_22_408.zip-382214H0.813","12"
"20230810_21_408.zip-381027H0.804","1870"
"20230810_23_408.zip-381045H0.808","2227"
"20230824_07_408.zip-382446H0.807","30"
"20230810_15_408.zip-381061H0.805","2502"
"20230817_06_408.zip-381778H0.808","4778"
"20230815_06_408.zip-381587H0.809","430"
"20230814_05_408.zip-381451H0.811","2556"
"20230815_08_408.zip-381540H0.807","538"
"20230815_23_408.zip-381585H0.814","694"
"20230815_01_408.zip-381437H0.807","1786"
"20230818_07_408.zip-381871H0.815","1184"
"20230815_08_408.zip-381525H0.818","8017"
"20230818_12_408.zip-381830H0.804","85"
"20230821_12_408.zip-382133H0.809","15"
"20230819_20_408.zip-381911H0.811","44"
"20230818_15_408.zip-381837H0.816","55"
"20230819_21_408.zip-381978H0.815","23"
"20230818_12_408.zip-381894H0.811","104"
"20230823_07_408.zip-382367H0.809","12"
"20230821_18_408.zip-382141H0.811","39"
"20230820_12_408.zip-382013H0.805","20"
"20230821_12_408.zip-382191H0.813","12"
"20230810_11_408.zip-381083H0.815","790"
"20230823_22_408.zip-382370H0.814","8"
"20230811_12_408.zip-381117H0.801","2026"
"20230811_23_408.zip-381112H0.815","194"
"20230822_18_408.zip-382211H0.813","12"
"20230824_04_408.zip-382413H0.808","7"
"20230811_13_408.zip-381126H0.813","3102"
"20230810_20_408.zip-381091H0.815","742"
"20230810_17_408.zip-381086H0.807","1445"
"20230812_12_408.zip-381222H0.801","797"
"20230823_15_408.zip-382329H0.807","38"
"20230821_12_408.zip-382198H0.807","38"
"20230810_10_408.zip-381024H0.804","1054"
"20230813_21_408.zip-381357H0.814","474"
"20230817_10_408.zip-381701H0.814","2419"
"20230813_13_408.zip-381353H0.804","608"
"20230814_15_408.zip-381454H0.811","4830"
"20230813_21_408.zip-381359H0.804","772"
"20230815_08_408.zip-381571H0.814","697"
"20230812_08_408.zip-381238H0.811","539"
"20230813_04_408.zip-381311H0.806","5970"
"20230812_03_408.zip-381217H0.815","638"
"20230817_06_408.zip-381768H0.815","2155"
"20230815_21_408.zip-381552H0.815","840"
"20230815_12_408.zip-381553H0.801","1688"
"20230815_15_408.zip-381562H0.808","5263"
"20230818_20_408.zip-381807H0.814","14"
"20230821_06_408.zip-382128H0.806","187"
"20230815_01_408.zip-381445H0.815","1206"
"20230818_13_408.zip-381870H0.807","60"
"20230819_18_408.zip-381925H0.806","191"
"20230819_03_408.zip-381968H0.813","18"
"20230820_15_408.zip-382083H0.815","18"
"20230820_23_408.zip-382021H0.805","19"
"20230824_04_408.zip-382481H0.809","12"
"20230819_16_408.zip-381908H0.811","44"
"20230810_18_408.zip-381057H0.809","368"
"20230820_19_408.zip-382026H0.811","42"
"20230823_20_408.zip-382334H0.807","38"
"20230822_09_408.zip-382252H0.814","9"
"20230811_03_408.zip-381160H0.809","470"
"20230812_07_408.zip-381235H0.811","604"
"20230811_09_408.zip-381100H0.815","539"
"20230810_20_408.zip-381089H0.807","983"
"20230823_22_408.zip-382337H0.807","38"
"20230810_07_408.zip-381014H0.811","21"
"20230824_08_408.zip-382413H0.815","4"
"20230815_07_408.zip-381582H0.804","773"
"20230812_19_408.zip-381297H0.812","3346"
"20230813_15_408.zip-381306H0.812","440"
"20230816_12_408.zip-381666H0.808","840"
"20230813_22_408.zip-381332H0.815","698"
"20230813_16_408.zip-381312H0.806","3792"
"20230817_02_408.zip-381666H0.815","841"
"20230819_10_408.zip-381903H0.811","44"
"20230820_06_408.zip-382086H0.801","25"
"20230820_08_408.zip-382075H0.813","14"
"20230820_23_408.zip-382024H0.809","15"
"20230813_12_408.zip-381303H0.812","1056"
"20230819_13_408.zip-381906H0.811","44"
"20230821_04_408.zip-382140H0.814","12"
"20230820_15_408.zip-382085H0.815","10"
"20230818_08_408.zip-381891H0.811","104"
"20230821_21_408.zip-382136H0.809","13"
"20230821_10_408.zip-382192H0.815","9"
"20230820_15_408.zip-382026H0.814","12"
"20230823_13_408.zip-382373H0.809","12"
"20230822_20_408.zip-382248H0.811","39"
"20230820_09_408.zip-382011H0.805","20"
"20230811_13_408.zip-381103H0.815","1250"
"20230822_10_408.zip-382253H0.814","9"
"20230822_05_408.zip-382243H0.809","12"
"20230822_22_408.zip-382209H0.808","8"
"20230811_23_408.zip-381114H0.815","187"
"20230820_20_408.zip-382088H0.815","9"
"20230822_14_408.zip-382240H0.805","17"
"20230811_20_408.zip-381169H0.809","2021"
"20230811_19_408.zip-381105H0.815","1511"
"20230824_01_408.zip-382342H0.807","38"
"20230810_16_408.zip-381088H0.815","1830"
"20230811_11_408.zip-381122H0.811","1126"
"20230810_05_408.zip-381043H0.808","2765"
"20230815_20_408.zip-381550H0.815","1144"
"20230812_03_408.zip-381278H0.802","340"
"20230815_21_408.zip-381557H0.801","1483"
"20230817_22_408.zip-381789H0.808","799"
"20230817_14_408.zip-381778H0.811","1026"
"20230814_21_408.zip-381432H0.807","874"
"20230817_21_408.zip-381751H0.812","662"
"20230816_18_408.zip-381664H0.801","2628"
"20230816_20_408.zip-381619H0.806","5159"
"20230813_19_408.zip-381347H0.811","1583"
"20230813_14_408.zip-381313H0.807","915"
"20230813_01_408.zip-381255H0.808","1152"
"20230817_13_408.zip-381787H0.808","997"
"20230818_10_408.zip-381877H0.801","137"
"20230813_18_408.zip-381308H0.812","2744"
"20230816_12_408.zip-381657H0.807","1452"
"20230812_12_408.zip-381239H0.804","616"
"20230815_21_408.zip-381554H0.815","210"
"20230819_02_408.zip-381878H0.807","50"
"20230818_13_408.zip-381893H0.808","450"
"20230821_10_408.zip-382132H0.809","15"
"20230819_01_408.zip-381874H0.815","28"
"20230818_12_408.zip-381836H0.816","566"
"20230812_04_408.zip-381209H0.806","2801"
"20230821_20_408.zip-382146H0.804","10"
"20230820_12_408.zip-382013H0.809","17"
"20230812_07_408.zip-381219H0.815","846"
"20230820_17_408.zip-382033H0.814","12"
"20230821_11_408.zip-382197H0.807","38"
"20230821_18_408.zip-382194H0.815","9"
"20230810_06_408.zip-381098H0.803","68"
"20230822_13_408.zip-382210H0.813","12"
"20230823_08_408.zip-382365H0.814","8"
"20230824_01_408.zip-382379H0.809","12"
"20230810_06_408.zip-381071H0.812","989"
"20230811_08_408.zip-381195H0.807","723"
"20230824_01_408.zip-382358H0.805","16"
"20230810_17_408.zip-381013H0.801","3048"
"20230810_12_408.zip-381085H0.815","762"
"20230824_09_408.zip-382414H0.815","4"
"20230817_15_408.zip-381794H0.802","237"
"20230814_07_408.zip-381415H0.812","683"
"20230812_15_408.zip-381207H0.807","619"
"20230814_14_408.zip-381421H0.812","1370"
"20230817_04_408.zip-381767H0.811","4566"
"20230815_22_408.zip-381583H0.814","640"
"20230815_07_408.zip-381570H0.814","833"
"20230817_08_408.zip-381792H0.805","180"
"20230816_17_408.zip-381666H0.811","571"
"20230812_16_408.zip-381271H0.805","1142"
"20230818_16_408.zip-381897H0.802","172"
"20230821_15_408.zip-382139H0.811","39"
"20230821_09_408.zip-382104H0.802","66"
"20230819_22_408.zip-381914H0.811","44"
"20230811_05_408.zip-381135H0.814","6081"
"20230821_23_408.zip-382138H0.809","13"
"20230822_15_408.zip-382209H0.802","64"
"20230820_21_408.zip-382020H0.805","20"
"20230819_04_408.zip-381980H0.807","49"
"20230810_09_408.zip-381075H0.812","380"
"20230822_21_408.zip-382257H0.814","9"
"20230821_17_408.zip-382193H0.815","9"
"20230811_13_408.zip-381167H0.805","273"
"20230823_16_408.zip-382331H0.807","38"
"20230823_08_408.zip-382364H0.814","8"
"20230821_01_408.zip-382022H0.805","19"
"20230823_21_408.zip-382369H0.814","8"
"20230810_22_408.zip-381094H0.815","543"
"20230823_14_408.zip-382323H0.807","38"
"20230824_09_408.zip-382448H0.807","30"
"20230819_19_408.zip-381910H0.811","44"
"20230824_07_408.zip-382424H0.813","10"
"20230823_14_408.zip-382321H0.807","38"
"20230814_20_408.zip-381455H0.813","821"
"20230812_13_408.zip-381248H0.814","162"
"20230814_10_408.zip-381470H0.804","947"
"20230818_01_408.zip-381787H0.811","373"
"20230815_08_408.zip-381550H0.801","464"
"20230817_19_408.zip-381749H0.812","1899"
"20230814_14_408.zip-381440H0.815","1148"
"20230813_21_408.zip-381348H0.811","1523"
"20230813_22_408.zip-381345H0.813","1986"
"20230817_06_408.zip-381768H0.811","1051"
"20230816_15_408.zip-381663H0.801","4831"
"20230819_15_408.zip-381999H0.808","38"
"20230819_01_408.zip-381866H0.813","3396"
"20230821_03_408.zip-382103H0.802","150"
"20230814_22_408.zip-381486H0.802","352"
"20230811_07_408.zip-381193H0.807","760"
"20230824_09_408.zip-382459H0.811","38"
"20230819_06_408.zip-381912H0.814","12"
"20230819_18_408.zip-381976H0.815","23"
"20230819_13_408.zip-381906H0.805","20"
"20230821_08_408.zip-382186H0.813","12"
"20230821_20_408.zip-382146H0.814","10"
"20230821_18_408.zip-382132H0.805","18"
"20230810_21_408.zip-381091H0.807","704"
"20230810_14_408.zip-381073H0.802","28"
"20230821_23_408.zip-382102H0.813","12"
"20230810_09_408.zip-381081H0.815","1054"
"20230810_18_408.zip-381063H0.805","1438"
"20230823_01_408.zip-382251H0.804","2"
"20230811_22_408.zip-381144H0.814","1031"
"20230811_20_408.zip-381150H0.808","1057"
"20230821_10_408.zip-382188H0.813","12"
"20230823_08_408.zip-382346H0.805","16"
"20230810_11_408.zip-381082H0.807","1236"
"20230810_12_408.zip-381084H0.815","1101"
"20230810_23_408.zip-381006H0.806","900"
"20230811_14_408.zip-381125H0.811","1033"
"20230822_12_408.zip-382203H0.815","8"
"20230810_08_408.zip-381055H0.805","2345"
"20230811_22_408.zip-381107H0.815","715"
"20230810_12_408.zip-381083H0.807","814"
"20230818_03_408.zip-381894H0.805","232"
"20230813_11_408.zip-381302H0.812","4865"
"20230813_20_408.zip-381310H0.812","856"
"20230814_15_408.zip-381483H0.809","2335"
"20230812_07_408.zip-381252H0.808","3442"
"20230812_12_408.zip-381203H0.807","1078"
"20230818_07_408.zip-381825H0.804","90"
"20230818_01_408.zip-381786H0.811","888"
"20230814_20_408.zip-381466H0.814","1552"
"20230818_19_408.zip-381880H0.801","41"
"20230818_08_408.zip-381896H0.805","120"
"20230816_08_408.zip-381657H0.815","486"
"20230816_22_408.zip-381698H0.814","776"
"20230820_13_408.zip-382082H0.815","18"
"20230820_21_408.zip-382037H0.814","12"
"20230820_06_408.zip-382009H0.805","21"
"20230823_06_408.zip-382350H0.811","39"
"20230821_07_408.zip-382185H0.813","12"
"20230812_18_408.zip-381226H0.801","807"
"20230811_02_408.zip-381074H0.802","87"
"20230810_07_408.zip-381049H0.809","2798"
"20230821_06_408.zip-382195H0.807","38"
"20230810_09_408.zip-381051H0.809","1509"
"20230822_21_408.zip-382206H0.815","6"
"20230823_12_408.zip-382320H0.807","38"
"20230811_19_408.zip-381199H0.807","6189"
"20230823_03_408.zip-382344H0.805","17"
"20230810_18_408.zip-381081H0.812","3683"
"20230810_10_408.zip-381053H0.809","269"
"20230823_07_408.zip-382308H0.815","6"
"20230824_08_408.zip-382425H0.813","10"
"20230810_08_408.zip-381080H0.815","1282"
"20230818_01_408.zip-381783H0.811","855"
"20230814_17_408.zip-381484H0.809","2168"
"20230816_07_408.zip-381688H0.814","549"
"20230813_13_408.zip-381312H0.807","1760"
"20230814_23_408.zip-381477H0.804","1064"
"20230817_09_408.zip-381782H0.808","492"
"20230814_07_408.zip-381467H0.804","423"
"20230816_08_408.zip-381688H0.805","1672"
"20230814_01_408.zip-381363H0.804","934"
"20230818_06_408.zip-381888H0.811","2352"
"20230814_09_408.zip-381421H0.807","849"
"20230818_04_408.zip-381824H0.804","5619"
"20230818_10_408.zip-381828H0.804","85"
"20230812_10_408.zip-381239H0.811","959"
"20230816_07_408.zip-381661H0.801","3220"
"20230812_11_408.zip-381202H0.807","7680"
"20230818_07_408.zip-381889H0.811","107"
"20230815_04_408.zip-381568H0.814","4892"
"20230818_15_408.zip-381878H0.801","137"
"20230818_22_408.zip-381835H0.804","71"
"20230818_07_408.zip-381855H0.812","145"
"20230820_16_408.zip-382029H0.814","12"
"20230821_04_408.zip-382183H0.813","12"
"20230819_09_408.zip-381916H0.814","12"
"20230819_13_408.zip-381989H0.807","45"
"20230822_07_408.zip-382299H0.815","8"
"20230820_13_408.zip-382080H0.815","23"
"20230811_10_408.zip-381175H0.802","310"
"20230810_08_408.zip-381074H0.812","299"
"20230822_09_408.zip-382207H0.813","12"
"20230823_21_408.zip-382376H0.809","12"
"20230823_01_408.zip-382250H0.804","13"
"20230823_16_408.zip-382333H0.806","69"
"20230822_18_408.zip-382204H0.815","8"
"20230810_03_408.zip-381024H0.813","373"
"20230822_12_408.zip-382209H0.813","12"
"20230811_18_408.zip-381168H0.809","1824"
"20230810_16_408.zip-381003H0.806","157"
"20230821_13_408.zip-382199H0.807","38"
"20230814_19_408.zip-381474H0.804","499"
"20230816_18_408.zip-381632H0.816","1095"
"20230814_19_408.zip-381422H0.812","4125"
"20230817_04_408.zip-381765H0.801","4682"
"20230816_10_408.zip-381659H0.815","1170"
"20230812_07_408.zip-381236H0.811","359"
"20230814_16_408.zip-381428H0.807","2157"
"20230813_22_408.zip-381333H0.815","560"
"20230816_10_408.zip-381662H0.801","2472"
"20230815_08_408.zip-381541H0.807","510"
"20230817_18_408.zip-381763H0.807","4675"
"20230818_11_408.zip-381829H0.804","85"
"20230818_09_408.zip-381857H0.812","139"
"20230818_10_408.zip-381893H0.811","104"
"20230821_11_408.zip-382105H0.802","66"
"20230819_06_408.zip-381999H0.811","45"
"20230814_08_408.zip-381414H0.806","1856"
"20230820_18_408.zip-382020H0.809","15"
"20230821_06_408.zip-382127H0.809","15"
"20230823_18_408.zip-382389H0.812","15"
"20230820_22_408.zip-382094H0.807","38"
"20230821_01_408.zip-382004H0.808","8"
"20230822_04_408.zip-382208H0.802","64"
"20230823_05_408.zip-382393H0.801","24"
"20230824_10_408.zip-382483H0.809","12"
"20230821_21_408.zip-382148H0.814","10"
"20230822_19_408.zip-382284H0.812","17"
"20230823_07_408.zip-382368H0.809","12"
"20230822_11_408.zip-382245H0.811","39"
"20230810_13_408.zip-381024H0.816","193"
"20230823_17_408.zip-382333H0.807","38"
"20230811_08_408.zip-381165H0.805","6529"
"20230822_21_408.zip-382259H0.809","12"
"20230823_22_408.zip-382336H0.807","38"
"20230811_14_408.zip-381140H0.814","1089"
"20230824_10_408.zip-382418H0.808","5"
"20230817_20_408.zip-381750H0.812","1087"
"20230814_08_408.zip-381420H0.807","1644"
"20230815_23_408.zip-381586H0.814","233"
"20230814_15_408.zip-381463H0.814","5795"
"20230814_16_408.zip-381464H0.814","1111"
"20230812_19_408.zip-381243H0.804","2170"
"20230815_13_408.zip-381558H0.811","622"
"20230815_10_408.zip-381561H0.808","2401"
"20230814_19_408.zip-381430H0.807","2281"
"20230817_01_408.zip-381665H0.815","4171"
"20230818_14_408.zip-381833H0.804","75"
"20230815_15_408.zip-381588H0.809","3702"
"20230821_09_408.zip-382131H0.809","15"
"20230820_11_408.zip-382019H0.811","43"
"20230818_23_408.zip-381865H0.812","110"
"20230819_17_408.zip-381970H0.812","37"
"20230818_16_408.zip-381834H0.804","75"
"20230820_15_408.zip-382027H0.814","12"
"20230810_13_408.zip-381011H0.801","410"
"20230822_09_408.zip-382207H0.807","38"
"20230821_20_408.zip-382104H0.807","38"
"20230810_07_408.zip-381073H0.812","216"
"20230811_07_408.zip-381188H0.812","5322"
"20230823_08_408.zip-382315H0.807","38"
"20230824_03_408.zip-382461H0.805","16"
"20230823_16_408.zip-382332H0.807","38"
"20230814_14_408.zip-381451H0.813","850"
"20230815_03_408.zip-381538H0.807","1793"
"20230815_12_408.zip-381588H0.804","965"
"20230814_18_408.zip-381442H0.815","912"
"20230814_17_408.zip-381429H0.807","1178"
"20230814_07_408.zip-381481H0.805","972"
"20230815_12_408.zip-381547H0.815","4643"
"20230817_18_408.zip-381765H0.807","460"
"20230813_23_408.zip-381313H0.812","1447"
"20230812_19_408.zip-381237H0.813","1113"
"20230812_17_408.zip-381272H0.805","1081"
"20230817_07_408.zip-381700H0.814","5307"
"20230812_13_408.zip-381205H0.807","821"
"20230816_10_408.zip-381698H0.804","879"
"20230813_20_408.zip-381358H0.804","804"
"20230813_14_408.zip-381377H0.809","1093"
"20230817_09_408.zip-381772H0.811","748"
"20230816_17_408.zip-381662H0.815","1225"
"20230818_18_408.zip-381802H0.805","44"
"20230819_23_408.zip-381917H0.811","44"
"20230812_21_408.zip-381208H0.807","6303"
"20230819_08_408.zip-381982H0.801","41"
"20230818_22_408.zip-381876H0.807","60"
"20230818_12_408.zip-381869H0.807","60"
"20230817_08_408.zip-381791H0.805","813"
"20230822_01_408.zip-382106H0.808","8"
"20230819_07_408.zip-381914H0.814","12"
"20230821_08_408.zip-382127H0.805","18"
"20230822_23_408.zip-382261H0.809","12"
"20230820_23_408.zip-382032H0.811","42"
"20230821_08_408.zip-382135H0.811","42"
"20230823_19_408.zip-382368H0.814","8"
"20230811_08_408.zip-381136H0.814","2031"
"20230823_06_408.zip-382366H0.809","12"
"20230811_15_408.zip-381191H0.812","2901"
"20230824_06_408.zip-382412H0.815","5"
"20230824_09_408.zip-382426H0.813","10"
"20230824_07_408.zip-382445H0.807","30"
"20230821_22_408.zip-382199H0.813","12"
"20230817_16_408.zip-381779H0.811","1843"
"20230814_12_408.zip-381458H0.808","375"
"20230814_20_408.zip-381431H0.807","795"
"20230817_13_408.zip-381792H0.802","736"
"20230816_22_408.zip-381661H0.807","662"
"20230817_11_408.zip-381775H0.811","1068"
"20230817_03_408.zip-381794H0.809","1007"
"20230814_16_408.zip-381439H0.801","3022"
"20230816_11_408.zip-381699H0.804","1178"
"20230816_11_408.zip-381629H0.816","936"
"20230817_03_408.zip-381790H0.802","942"
"20230814_21_408.zip-381475H0.804","1760"
"20230814_23_408.zip-381443H0.815","4452"
"20230813_08_408.zip-381352H0.814","2853"
"20230815_12_408.zip-381544H0.807","1941"
"20230813_06_408.zip-381329H0.815","192"
"20230812_14_408.zip-381224H0.801","1002"
"20230820_12_408.zip-382003H0.808","8"
"20230817_01_408.zip-381676H0.808","395"
"20230815_09_408.zip-381542H0.807","714"
"20230817_16_408.zip-381721H0.804","1076"
"20230818_14_408.zip-381894H0.808","85"
"20230812_04_408.zip-381232H0.804","6357"
"20230815_01_408.zip-381430H0.812","2538"
"20230817_15_408.zip-381701H0.817","305"
"20230818_17_408.zip-381895H0.808","85"
"20230811_03_408.zip-381161H0.809","827"
"20230822_17_408.zip-382210H0.802","5"
"20230820_13_408.zip-382022H0.814","12"
"20230821_10_408.zip-382129H0.805","18"
"20230821_09_408.zip-382187H0.813","12"
"20230822_19_408.zip-382247H0.811","39"
"20230822_22_408.zip-382207H0.815","6"
"20230822_10_408.zip-382208H0.808","8"
"20230823_07_408.zip-382395H0.801","5"
"20230812_01_408.zip-381168H0.805","2138"
"20230821_09_408.zip-382191H0.815","9"
"20230811_22_408.zip-381131H0.811","660"
"20230810_10_408.zip-381058H0.805","883"
"20230813_18_408.zip-381316H0.807","1930"
"20230814_01_408.zip-381334H0.815","2884"
"20230812_06_408.zip-381246H0.814","1815"
"20230814_08_408.zip-381417H0.812","494"
"20230816_18_408.zip-381633H0.816","577"
"20230813_18_408.zip-381335H0.801","553"
"20230814_09_408.zip-381469H0.804","577"
"20230814_22_408.zip-381456H0.813","2034"
"20230815_07_408.zip-381560H0.808","3956"
"20230815_07_408.zip-381583H0.804","444"
"20230817_12_408.zip-381744H0.812","867"
"20230815_21_408.zip-381591H0.804","2102"
"20230813_10_408.zip-381378H0.805","5136"
"20230819_10_408.zip-381936H0.804","74"
"20230819_20_408.zip-381974H0.813","14"
"20230815_12_408.zip-381575H0.814","1132"
"20230820_01_408.zip-381902H0.808","8"
"20230818_08_408.zip-381822H0.806","1078"
"20230812_16_408.zip-381251H0.814","1076"
"20230812_17_408.zip-381242H0.804","1388"
"20230819_07_408.zip-381997H0.808","50"
"20230818_19_408.zip-381862H0.812","110"
"20230823_18_408.zip-382374H0.809","12"
"20230819_08_408.zip-381915H0.814","12"
"20230819_12_408.zip-381918H0.814","12"
"20230822_07_408.zip-382281H0.812","18"
"20230823_23_408.zip-382378H0.809","12"
"20230821_15_408.zip-382134H0.809","15"
"20230810_16_408.zip-381062H0.805","1059"
"20230820_19_408.zip-382080H0.813","13"
"20230812_01_408.zip-381119H0.801","4049"
"20230824_11_408.zip-382416H0.815","4"
"20230810_19_408.zip-381082H0.812","982"
"20230811_18_408.zip-381142H0.814","866"
"20230811_20_408.zip-381194H0.812","854"
"20230823_15_408.zip-382350H0.805","16"
"20230823_19_408.zip-382396H0.801","5"
"20230811_22_408.zip-381101H0.807","698"
"20230811_23_408.zip-381110H0.815","496"
"20230813_11_408.zip-381340H0.813","285"
"20230813_09_408.zip-381310H0.807","4208"
"20230816_09_408.zip-381626H0.816","4392"
"20230812_13_408.zip-381242H0.811","1040"
"20230817_13_408.zip-381793H0.802","1071"
"20230813_21_408.zip-381379H0.805","2906"
"20230813_22_408.zip-381346H0.813","292"
"20230814_04_408.zip-381413H0.806","6819"
"20230817_18_408.zip-381703H0.814","2948"
"20230815_08_408.zip-381584H0.804","650"
"20230815_12_408.zip-381557H0.811","2950"
"20230812_08_408.zip-381221H0.815","617"
"20230815_01_408.zip-381478H0.804","523"
"20230820_13_408.zip-382001H0.802","151"
"20230814_22_408.zip-381434H0.807","644"
"20230819_07_408.zip-381913H0.814","12"
"20230820_06_408.zip-382091H0.807","44"
"20230811_07_408.zip-381197H0.815","484"
"20230822_16_408.zip-382213H0.810","40"
"20230823_09_408.zip-382347H0.805","16"
"20230810_14_408.zip-381000H0.803","2549"
"20230822_13_408.zip-382239H0.805","17"
"20230821_19_408.zip-382103H0.807","38"
"20230810_20_408.zip-381064H0.805","1515"
"20230811_23_408.zip-381109H0.815","1102"
"20230811_18_408.zip-381192H0.812","2924"
"20230813_20_408.zip-381356H0.814","560"
"20230814_10_408.zip-381419H0.812","979"
"20230814_16_408.zip-381485H0.802","191"
"20230816_23_408.zip-381699H0.814","1096"
"20230813_14_408.zip-381378H0.809","634"
"20230818_04_408.zip-381866H0.807","4112"
"20230817_08_408.zip-381799H0.809","819"
"20230814_20_408.zip-381415H0.806","10409"
"20230814_10_408.zip-381462H0.814","986"
"20230812_07_408.zip-381220H0.815","480"
"20230812_18_408.zip-381226H0.815","2529"
"20230816_23_408.zip-381614H0.804","1071"
"20230816_17_408.zip-381665H0.811","3330"
"20230814_08_408.zip-381436H0.815","1911"
"20230817_15_408.zip-381702H0.814","5034"
"20230819_06_408.zip-381907H0.809","54"
"20230819_21_408.zip-381912H0.811","44"
"20230818_10_408.zip-381899H0.805","95"
"20230818_18_408.zip-381874H0.807","60"
"20230815_01_408.zip-381446H0.815","192"
"20230820_18_408.zip-382091H0.801","24"
"20230822_15_408.zip-382283H0.812","18"
"20230821_14_408.zip-382193H0.813","12"
"20230821_23_408.zip-382149H0.814","10"
"20230822_09_408.zip-382247H0.809","12"
"20230821_16_408.zip-382140H0.811","39"
"20230819_12_408.zip-381988H0.807","49"
"20230824_11_408.zip-382473H0.814","8"
"20230820_22_408.zip-382089H0.815","9"
"20230820_22_408.zip-382082H0.813","13"
"20230811_10_408.zip-381165H0.809","1103"
"20230810_16_408.zip-381001H0.806","1526"
"20230810_22_408.zip-381044H0.808","8681"
"20230810_13_408.zip-381023H0.816","5414"
"20230814_12_408.zip-381438H0.815","952"
"20230816_09_408.zip-381691H0.814","517"
"20230813_23_408.zip-381361H0.804","960"
"20230816_14_408.zip-381668H0.808","1179"
"20230814_17_408.zip-381453H0.813","1009"
"20230815_02_408.zip-381479H0.804","3769"
"20230817_08_408.zip-381770H0.811","401"
"20230812_03_408.zip-381273H0.809","2293"
"20230816_07_408.zip-381689H0.814","355"
"20230812_10_408.zip-381236H0.804","558"
"20230813_14_408.zip-381354H0.804","1132"
"20230815_20_408.zip-381581H0.814","799"
"20230816_10_408.zip-381656H0.807","1200"
"20230816_17_408.zip-381604H0.804","1362"
"20230816_18_408.zip-381663H0.815","1344"
"20230813_20_408.zip-381317H0.807","1752"
"20230814_22_408.zip-381446H0.801","453"
"20230819_07_408.zip-381908H0.809","51"
"20230815_19_408.zip-381590H0.804","1396"
"20230817_23_408.zip-381790H0.808","812"
"20230820_18_408.zip-382017H0.805","20"
"20230819_08_408.zip-381985H0.807","49"
"20230820_21_408.zip-382027H0.811","42"
"20230822_12_408.zip-382251H0.809","12"
"20230820_16_408.zip-382090H0.801","24"
"20230820_15_408.zip-382023H0.814","12"
"20230820_15_408.zip-382025H0.814","12"
"20230820_17_408.zip-382034H0.814","12"
"20230819_06_408.zip-381981H0.807","49"
"20230821_23_408.zip-382101H0.813","12"
"20230810_22_408.zip-381093H0.815","582"
"20230811_06_408.zip-381115H0.801","2194"
"20230810_03_408.zip-381097H0.803","14"
"20230820_11_408.zip-382012H0.805","20"
"20230810_09_408.zip-381023H0.804","595"
"20230824_10_408.zip-382427H0.813","10"
"20230810_16_408.zip-381002H0.806","155"
"20230823_04_408.zip-382313H0.807","38"
"20230824_07_408.zip-382423H0.813","10"
"20230811_21_408.zip-381195H0.812","1685"
"20230823_20_408.zip-382354H0.805","16"
"20230811_23_408.zip-381108H0.815","943"
"20230810_17_408.zip-381089H0.815","1112"
"20230810_18_408.zip-381087H0.807","812"
"20230819_10_408.zip-381987H0.807","49"
"20230811_21_408.zip-381130H0.811","847"
"20230813_05_408.zip-381301H0.812","993"
"20230814_19_408.zip-381423H0.812","313"
"20230812_15_408.zip-381274H0.809","2542"
"20230814_13_408.zip-381439H0.815","1983"
"20230817_08_408.zip-381767H0.801","3606"
"20230815_08_408.zip-381585H0.805","879"
"20230817_13_408.zip-381777H0.811","734"
"20230816_21_408.zip-381660H0.807","1690"
"20230813_09_408.zip-381353H0.814","820"
"20230816_20_408.zip-381664H0.815","1549"
"20230815_18_408.zip-381559H0.813","1531"
"20230813_12_408.zip-381352H0.804","763"
"20230815_10_408.zip-381552H0.801","855"
"20230820_06_408.zip-382026H0.806","189"
"20230820_12_408.zip-382077H0.813","14"
"20230818_18_408.zip-381879H0.801","41"
"20230819_04_408.zip-381998H0.802","171"
"20230817_18_408.zip-381773H0.801","2177"
"20230820_05_408.zip-382074H0.812","37"
"20230821_10_408.zip-382177H0.812","18"
"20230821_15_408.zip-382106H0.802","66"
"20230820_21_408.zip-382093H0.807","38"
"20230821_08_408.zip-382136H0.811","40"
"20230821_11_408.zip-382143H0.804","11"
"20230822_01_408.zip-382130H0.806","84"
"20230810_12_408.zip-381060H0.805","651"
"20230810_08_408.zip-381056H0.805","430"
"20230822_15_408.zip-382209H0.807","38"
"20230810_07_408.zip-381020H0.804","756"
"20230811_09_408.zip-381196H0.807","685"
"20230810_22_408.zip-381084H0.812","763"
"20230810_08_408.zip-381022H0.804","567"
"20230810_14_408.zip-381085H0.807","1105"
"20230821_06_408.zip-382124H0.805","19"
"20230823_09_408.zip-382316H0.807","38"
"20230820_19_408.zip-382092H0.807","39"
"20230815_09_408.zip-381572H0.814","758"
"20230813_13_408.zip-381376H0.809","4418"
"20230813_09_408.zip-381311H0.807","1395"
"20230813_17_408.zip-381379H0.809","1250"
"20230814_06_408.zip-381465H0.804","5986"
"20230816_20_408.zip-381640H0.812","943"
"20230817_12_408.zip-381784H0.808","1791"
"20230812_19_408.zip-381273H0.805","1718"
"20230819_03_408.zip-381970H0.813","17"
"20230818_21_408.zip-381804H0.805","44"
"20230818_08_408.zip-381856H0.812","139"
"20230817_14_408.zip-381703H0.809","2007"
"20230818_13_408.zip-381860H0.812","117"
"20230818_18_408.zip-381861H0.812","110"
"20230820_18_408.zip-382027H0.806","189"
"20230820_04_408.zip-382011H0.809","47"
"20230820_19_408.zip-382021H0.809","15"
"20230822_09_408.zip-382207H0.808","8"
"20230811_06_408.zip-381192H0.807","6461"
"20230820_23_408.zip-382039H0.814","12"
"20230812_18_408.zip-381243H0.811","4442"
"20230823_04_408.zip-382332H0.806","69"
"20230823_07_408.zip-382363H0.814","8"
"20230810_15_408.zip-381055H0.809","184"
"20230821_21_408.zip-382134H0.805","18"
"20230810_16_408.zip-381004H0.806","157"
"20230822_16_408.zip-382254H0.809","12"
"20230821_22_408.zip-382198H0.813","12"
"20230811_09_408.zip-381107H0.806","2981"
"20230811_18_408.zip-381104H0.815","3950"
"20230813_19_408.zip-381355H0.814","811"
"20230811_16_408.zip-381108H0.806","11700"
"20230824_01_408.zip-382360H0.805","16"
"20230810_21_408.zip-381015H0.811","1786"
